Date,Close
2012-10-01,"$12,370.19 "
2012-10-02,"$12,391.23 "
2012-10-03,"$12,359.47 "
2012-10-04,"$12,447.68 "
2012-10-05,"$12,418.99 "
2012-10-09,"$12,273.57 "
2012-10-10,"$12,212.42 "
2012-10-11,"$12,233.95 "
2012-10-12,"$12,202.04 "
2012-10-15,"$12,229.96 "
2012-10-16,"$12,407.70 "
2012-10-17,"$12,461.25 "
2012-10-18,"$12,466.12 "
2012-10-19,"$12,415.98 "
2012-10-22,"$12,403.54 "
2012-10-23,"$12,225.84 "
2012-10-24,"$12,195.02 "
2012-10-25,"$12,300.23 "
2012-10-26,"$12,300.30 "
2012-10-29,"$12,312.75 "
2012-10-30,"$12,377.05 "
2012-10-31,"$12,422.91 "
2012-11-01,"$12,499.76 "
2012-11-02,"$12,380.41 "
2012-11-05,"$12,352.78 "
2012-11-06,"$12,361.20 "
2012-11-07,"$12,230.59 "
2012-11-08,"$12,191.05 "
2012-11-09,"$12,196.80 "
2012-11-12,"$12,191.46 "
2012-11-13,"$12,134.66 "
2012-11-14,"$11,929.79 "
2012-11-15,"$11,811.38 "
2012-11-16,"$11,877.72 "
2012-11-19,"$12,040.40 "
2012-11-20,"$12,046.28 "
2012-11-21,"$12,100.06 "
2012-11-22,"$12,153.10 "
2012-11-23,"$12,213.24 "
2012-11-26,"$12,185.05 "
2012-11-27,"$12,111.63 "
2012-11-28,"$12,140.33 "
2012-11-29,"$12,202.85 "
2012-11-30,"$12,239.36 "
2012-12-03,"$12,169.74 "
2012-12-04,"$12,137.18 "
2012-12-05,"$12,157.29 "
2012-12-06,"$12,151.13 "
2012-12-07,"$12,159.59 "
2012-12-10,"$12,230.47 "
2012-12-11,"$12,282.36 "
2012-12-12,"$12,353.09 "
2012-12-13,"$12,289.17 "
2012-12-14,"$12,296.72 "
2012-12-17,"$12,281.35 "
2012-12-18,"$12,334.34 "
2012-12-19,"$12,403.63 "
2012-12-20,"$12,388.71 "
2012-12-21,"$12,385.70 "
2012-12-24,"$12,370.80 "
2012-12-27,"$12,373.77 "
2012-12-28,"$12,316.12 "
2012-12-31,"$12,433.53 "
2013-01-02,"$12,540.77 "
2013-01-03,"$12,470.44 "
2013-01-04,"$12,540.81 "
2013-01-07,"$12,499.55 "
2013-01-08,"$12,504.81 "
2013-01-09,"$12,522.24 "
2013-01-10,"$12,599.74 "
2013-01-11,"$12,602.18 "
2013-01-14,"$12,603.09 "
2013-01-15,"$12,641.97 "
2013-01-16,"$12,608.82 "
2013-01-17,"$12,674.73 "
2013-01-18,"$12,725.69 "
2013-01-21,"$12,794.25 "
2013-01-22,"$12,824.63 "
2013-01-23,"$12,794.05 "
2013-01-24,"$12,823.62 "
2013-01-25,"$12,816.63 "
2013-01-28,"$12,815.91 "
2013-01-29,"$12,830.56 "
2013-01-30,"$12,794.44 "
2013-01-31,"$12,685.24 "
2013-02-01,"$12,768.83 "
2013-02-04,"$12,717.62 "
2013-02-05,"$12,745.65 "
2013-02-06,"$12,761.59 "
2013-02-07,"$12,755.92 "
2013-02-08,"$12,801.23 "
2013-02-11,"$12,748.15 "
2013-02-12,"$12,789.02 "
2013-02-13,"$12,775.28 "
2013-02-14,"$12,721.79 "
2013-02-15,"$12,686.63 "
2013-02-19,"$12,810.21 "
2013-02-20,"$12,714.05 "
2013-02-21,"$12,639.97 "
2013-02-22,"$12,701.63 "
2013-02-25,"$12,650.87 "
2013-02-26,"$12,660.44 "
2013-02-27,"$12,732.39 "
2013-02-28,"$12,821.83 "
2013-03-01,"$12,773.12 "
2013-03-04,"$12,707.41 "
2013-03-05,"$12,736.04 "
2013-03-06,"$12,831.96 "
2013-03-07,"$12,826.52 "
2013-03-08,"$12,835.61 "
2013-03-11,"$12,858.49 "
2013-03-12,"$12,878.58 "
2013-03-13,"$12,744.11 "
2013-03-14,"$12,799.91 "
2013-03-15,"$12,830.03 "
2013-03-18,"$12,781.76 "
2013-03-19,"$12,773.87 "
2013-03-20,"$12,826.55 "
2013-03-21,"$12,747.87 "
2013-03-22,"$12,757.35 "
2013-03-25,"$12,680.71 "
2013-03-26,"$12,706.38 "
2013-03-27,"$12,699.65 "
2013-03-28,"$12,749.90 "
2013-04-01,"$12,695.14 "
2013-04-02,"$12,682.10 "
2013-04-03,"$12,422.12 "
2013-04-04,"$12,363.05 "
2013-04-05,"$12,331.85 "
2013-04-08,"$12,344.56 "
2013-04-09,"$12,484.05 "
2013-04-10,"$12,534.91 "
2013-04-11,"$12,481.37 "
2013-04-12,"$12,337.59 "
2013-04-15,"$12,004.88 "
2013-04-16,"$12,119.92 "
2013-04-17,"$11,947.29 "
2013-04-18,"$11,996.34 "
2013-04-19,"$12,065.55 "
2013-04-22,"$12,090.68 "
2013-04-23,"$12,090.94 "
2013-04-24,"$12,270.43 "
2013-04-25,"$12,329.51 "
2013-04-26,"$12,220.20 "
2013-04-29,"$12,312.67 "
2013-04-30,"$12,456.50 "
2013-05-01,"$12,321.29 "
2013-05-02,"$12,379.64 "
2013-05-03,"$12,438.03 "
2013-05-06,"$12,453.92 "
2013-05-07,"$12,464.11 "
2013-05-08,"$12,585.05 "
2013-05-09,"$12,543.90 "
2013-05-10,"$12,589.09 "
2013-05-13,"$12,529.55 "
2013-05-14,"$12,577.05 "
2013-05-15,"$12,473.65 "
2013-05-16,"$12,507.60 "
2013-05-17,"$12,613.05 "
2013-05-21,"$12,742.43 "
2013-05-22,"$12,752.50 "
2013-05-23,"$12,658.09 "
2013-05-24,"$12,667.22 "
2013-05-27,"$12,696.37 "
2013-05-28,"$12,750.52 "
2013-05-29,"$12,732.61 "
2013-05-30,"$12,746.55 "
2013-05-31,"$12,650.42 "
2013-06-03,"$12,609.80 "
2013-06-04,"$12,593.97 "
2013-06-05,"$12,443.65 "
2013-06-06,"$12,409.33 "
2013-06-07,"$12,373.30 "
2013-06-10,"$12,382.67 "
2013-06-11,"$12,223.57 "
2013-06-12,"$12,109.89 "
2013-06-13,"$12,277.13 "
2013-06-14,"$12,187.36 "
2013-06-17,"$12,288.90 "
2013-06-18,"$12,367.46 "
2013-06-19,"$12,268.29 "
2013-06-20,"$11,968.57 "
2013-06-21,"$11,995.66 "
2013-06-24,"$11,836.86 "
2013-06-25,"$12,005.42 "
2013-06-26,"$11,951.90 "
2013-06-27,"$12,005.78 "
2013-06-28,"$12,129.11 "
2013-07-02,"$12,178.38 "
2013-07-03,"$12,145.68 "
2013-07-04,"$12,166.66 "
2013-07-05,"$12,134.91 "
2013-07-08,"$12,208.87 "
2013-07-09,"$12,297.09 "
2013-07-10,"$12,306.93 "
2013-07-11,"$12,493.26 "
2013-07-12,"$12,462.18 "
2013-07-15,"$12,528.35 "
2013-07-16,"$12,516.89 "
2013-07-17,"$12,568.77 "
2013-07-18,"$12,628.85 "
2013-07-19,"$12,685.13 "
2013-07-22,"$12,758.38 "
2013-07-23,"$12,745.38 "
2013-07-24,"$12,672.30 "
2013-07-25,"$12,669.14 "
2013-07-26,"$12,647.90 "
2013-07-29,"$12,669.04 "
2013-07-30,"$12,581.75 "
2013-07-31,"$12,486.64 "
2013-08-01,"$12,593.96 "
2013-08-02,"$12,603.25 "
2013-08-06,"$12,469.32 "
2013-08-07,"$12,412.73 "
2013-08-08,"$12,552.92 "
2013-08-09,"$12,542.13 "
2013-08-12,"$12,594.27 "
2013-08-13,"$12,642.19 "
2013-08-14,"$12,639.30 "
2013-08-15,"$12,704.52 "
2013-08-16,"$12,736.92 "
2013-08-19,"$12,588.02 "
2013-08-20,"$12,670.11 "
2013-08-21,"$12,573.08 "
2013-08-22,"$12,674.35 "
2013-08-23,"$12,762.30 "
2013-08-26,"$12,760.30 "
2013-08-27,"$12,591.21 "
2013-08-28,"$12,607.22 "
2013-08-29,"$12,704.73 "
2013-08-30,"$12,653.90 "
2013-09-03,"$12,740.50 "
2013-09-04,"$12,757.81 "
2013-09-05,"$12,845.06 "
2013-09-06,"$12,820.92 "
2013-09-09,"$12,854.64 "
2013-09-10,"$12,824.48 "
2013-09-11,"$12,825.42 "
2013-09-12,"$12,701.05 "
2013-09-13,"$12,723.40 "
2013-09-16,"$12,816.88 "
2013-09-17,"$12,834.11 "
2013-09-18,"$12,931.40 "
2013-09-19,"$12,926.78 "
2013-09-20,"$12,806.47 "
2013-09-23,"$12,811.18 "
2013-09-24,"$12,848.89 "
2013-09-25,"$12,836.71 "
2013-09-26,"$12,841.62 "
2013-09-27,"$12,844.08 "
2013-09-30,"$12,787.19 "
2013-10-01,"$12,847.44 "
2013-10-02,"$12,839.00 "
2013-10-03,"$12,735.12 "
2013-10-04,"$12,758.65 "
2013-10-07,"$12,788.25 "
2013-10-08,"$12,692.41 "
2013-10-09,"$12,730.33 "
2013-10-10,"$12,894.41 "
2013-10-11,"$12,892.11 "
2013-10-15,"$12,931.46 "
2013-10-16,"$12,957.21 "
2013-10-17,"$13,036.36 "
2013-10-18,"$13,136.09 "
2013-10-21,"$13,186.53 "
2013-10-22,"$13,248.06 "
2013-10-23,"$13,243.32 "
2013-10-24,"$13,324.75 "
2013-10-25,"$13,399.42 "
2013-10-28,"$13,371.84 "
2013-10-29,"$13,440.61 "
2013-10-30,"$13,455.33 "
2013-10-31,"$13,361.26 "
2013-11-01,"$13,337.46 "
2013-11-04,"$13,361.78 "
2013-11-05,"$13,361.71 "
2013-11-06,"$13,380.41 "
2013-11-07,"$13,294.20 "
2013-11-08,"$13,378.33 "
2013-11-11,"$13,358.39 "
2013-11-12,"$13,326.04 "
2013-11-13,"$13,370.66 "
2013-11-14,"$13,431.38 "
2013-11-15,"$13,482.57 "
2013-11-18,"$13,458.06 "
2013-11-19,"$13,442.77 "
2013-11-20,"$13,430.01 "
2013-11-21,"$13,475.33 "
2013-11-22,"$13,478.34 "
2013-11-25,"$13,472.22 "
2013-11-26,"$13,349.77 "
2013-11-27,"$13,362.06 "
2013-11-28,"$13,370.83 "
2013-11-29,"$13,395.40 "
2013-12-02,"$13,419.57 "
2013-12-03,"$13,319.87 "
2013-12-04,"$13,304.92 "
2013-12-05,"$13,200.40 "
2013-12-06,"$13,280.72 "
2013-12-09,"$13,312.78 "
2013-12-10,"$13,324.01 "
2013-12-11,"$13,133.42 "
2013-12-12,"$13,114.39 "
2013-12-13,"$13,125.70 "
2013-12-16,"$13,184.41 "
2013-12-17,"$13,180.16 "
2013-12-18,"$13,334.73 "
2013-12-19,"$13,392.20 "
2013-12-20,"$13,399.60 "
2013-12-23,"$13,447.70 "
2013-12-24,"$13,518.02 "
2013-12-27,"$13,587.98 "
2013-12-30,"$13,581.39 "
2013-12-31,"$13,621.55 "
2014-01-02,"$13,594.19 "
2014-01-03,"$13,548.86 "
2014-01-06,"$13,495.54 "
2014-01-07,"$13,596.93 "
2014-01-08,"$13,614.63 "
2014-01-09,"$13,629.41 "
2014-01-10,"$13,747.52 "
2014-01-13,"$13,681.48 "
2014-01-14,"$13,692.38 "
2014-01-15,"$13,772.58 "
2014-01-16,"$13,831.58 "
2014-01-17,"$13,888.21 "
2014-01-20,"$13,990.29 "
2014-01-21,"$13,951.77 "
2014-01-22,"$13,988.20 "
2014-01-23,"$13,932.97 "
2014-01-24,"$13,717.76 "
2014-01-27,"$13,582.29 "
2014-01-28,"$13,687.66 "
2014-01-29,"$13,643.22 "
2014-01-30,"$13,735.28 "
2014-01-31,"$13,694.94 "
2014-02-03,"$13,486.20 "
2014-02-04,"$13,504.48 "
2014-02-05,"$13,559.69 "
2014-02-06,"$13,713.40 "
2014-02-07,"$13,786.50 "
2014-02-10,"$13,794.18 "
2014-02-11,"$13,880.99 "
2014-02-12,"$13,900.49 "
2014-02-13,"$14,001.65 "
2014-02-14,"$14,054.76 "
2014-02-18,"$14,077.47 "
2014-02-19,"$14,119.73 "
2014-02-20,"$14,210.37 "
2014-02-21,"$14,205.72 "
2014-02-24,"$14,227.08 "
2014-02-25,"$14,188.98 "
2014-02-26,"$14,188.58 "
2014-02-27,"$14,214.74 "
2014-02-28,"$14,209.59 "
2014-03-03,"$14,212.74 "
2014-03-04,"$14,289.86 "
2014-03-05,"$14,304.17 "
2014-03-06,"$14,271.92 "
2014-03-07,"$14,299.08 "
2014-03-10,"$14,302.06 "
2014-03-11,"$14,267.23 "
2014-03-12,"$14,319.00 "
2014-03-13,"$14,245.14 "
2014-03-14,"$14,227.66 "
2014-03-17,"$14,231.89 "
2014-03-18,"$14,368.98 "
2014-03-19,"$14,334.04 "
2014-03-20,"$14,361.83 "
2014-03-21,"$14,335.76 "
2014-03-24,"$14,278.55 "
2014-03-25,"$14,299.49 "
2014-03-26,"$14,184.10 "
2014-03-27,"$14,178.84 "
2014-03-28,"$14,260.72 "
2014-03-31,"$14,335.31 "
2014-04-01,"$14,380.55 "
2014-04-02,"$14,459.11 "
2014-04-03,"$14,402.21 "
2014-04-04,"$14,393.10 "
2014-04-07,"$14,270.33 "
2014-04-08,"$14,372.45 "
2014-04-09,"$14,435.58 "
2014-04-10,"$14,308.00 "
2014-04-11,"$14,257.69 "
2014-04-14,"$14,284.43 "
2014-04-15,"$14,303.92 "
2014-04-16,"$14,446.52 "
2014-04-17,"$14,500.39 "
2014-04-21,"$14,493.68 "
2014-04-22,"$14,555.97 "
2014-04-23,"$14,533.39 "
2014-04-24,"$14,554.25 "
2014-04-25,"$14,533.57 "
2014-04-28,"$14,530.91 "
2014-04-29,"$14,583.11 "
2014-04-30,"$14,651.87 "
2014-05-01,"$14,664.07 "
2014-05-02,"$14,765.15 "
2014-05-05,"$14,697.03 "
2014-05-06,"$14,612.29 "
2014-05-07,"$14,656.40 "
2014-05-08,"$14,546.03 "
2014-05-09,"$14,534.06 "
2014-05-12,"$14,654.94 "
2014-05-13,"$14,679.81 "
2014-05-14,"$14,673.73 "
2014-05-15,"$14,588.89 "
2014-05-16,"$14,514.74 "
2014-05-20,"$14,525.19 "
2014-05-21,"$14,649.86 "
2014-05-22,"$14,702.29 "
2014-05-23,"$14,708.10 "
2014-05-26,"$14,715.69 "
2014-05-27,"$14,658.02 "
2014-05-28,"$14,610.96 "
2014-05-29,"$14,588.95 "
2014-05-30,"$14,604.16 "
2014-06-02,"$14,680.76 "
2014-06-03,"$14,734.69 "
2014-06-04,"$14,796.79 "
2014-06-05,"$14,800.18 "
2014-06-06,"$14,838.90 "
2014-06-09,"$14,871.21 "
2014-06-10,"$14,904.38 "
2014-06-11,"$14,892.13 "
2014-06-12,"$14,909.63 "
2014-06-13,"$15,001.61 "
2014-06-16,"$15,040.43 "
2014-06-17,"$15,055.89 "
2014-06-18,"$15,109.25 "
2014-06-19,"$15,112.22 "
2014-06-20,"$15,108.97 "
2014-06-23,"$15,105.63 "
2014-06-24,"$14,962.37 "
2014-06-25,"$14,974.65 "
2014-06-26,"$15,030.74 "
2014-06-27,"$15,094.25 "
2014-06-30,"$15,146.01 "
2014-07-02,"$15,209.79 "
2014-07-03,"$15,207.11 "
2014-07-04,"$15,214.96 "
2014-07-07,"$15,172.93 "
2014-07-08,"$15,137.18 "
2014-07-09,"$15,215.19 "
2014-07-10,"$15,114.48 "
2014-07-11,"$15,125.50 "
2014-07-14,"$15,171.23 "
2014-07-15,"$15,081.32 "
2014-07-16,"$15,226.34 "
2014-07-17,"$15,204.48 "
2014-07-18,"$15,266.57 "
2014-07-21,"$15,249.99 "
2014-07-22,"$15,315.13 "
2014-07-23,"$15,394.38 "
2014-07-24,"$15,394.45 "
2014-07-25,"$15,455.04 "
2014-07-28,"$15,445.22 "
2014-07-29,"$15,446.55 "
2014-07-30,"$15,524.82 "
2014-07-31,"$15,330.74 "
2014-08-01,"$15,215.26 "
2014-08-05,"$15,187.71 "
2014-08-06,"$15,202.09 "
2014-08-07,"$15,118.43 "
2014-08-08,"$15,196.31 "
2014-08-11,"$15,261.64 "
2014-08-12,"$15,274.23 "
2014-08-13,"$15,262.73 "
2014-08-14,"$15,291.18 "
2014-08-15,"$15,304.24 "
2014-08-18,"$15,338.47 "
2014-08-19,"$15,477.17 "
2014-08-20,"$15,561.95 "
2014-08-21,"$15,556.09 "
2014-08-22,"$15,535.55 "
2014-08-25,"$15,598.74 "
2014-08-26,"$15,619.21 "
2014-08-27,"$15,602.65 "
2014-08-28,"$15,558.17 "
2014-08-29,"$15,625.73 "
2014-09-02,"$15,619.08 "
2014-09-03,"$15,657.63 "
2014-09-04,"$15,576.79 "
2014-09-05,"$15,569.92 "
2014-09-08,"$15,509.39 "
2014-09-09,"$15,536.81 "
2014-09-10,"$15,471.89 "
2014-09-11,"$15,534.32 "
2014-09-12,"$15,531.58 "
2014-09-15,"$15,482.56 "
2014-09-16,"$15,510.54 "
2014-09-17,"$15,458.88 "
2014-09-18,"$15,465.54 "
2014-09-19,"$15,265.35 "
2014-09-22,"$15,129.00 "
2014-09-23,"$15,125.67 "
2014-09-24,"$15,120.54 "
2014-09-25,"$14,893.57 "
2014-09-26,"$15,026.77 "
2014-09-29,"$14,976.92 "
2014-09-30,"$14,960.51 "
2014-10-01,"$14,805.44 "
2014-10-02,"$14,760.64 "
2014-10-03,"$14,789.78 "
2014-10-06,"$14,743.12 "
2014-10-07,"$14,576.45 "
2014-10-08,"$14,666.47 "
2014-10-09,"$14,460.60 "
2014-10-10,"$14,227.36 "
2014-10-14,"$14,036.68 "
2014-10-15,"$13,869.88 "
2014-10-16,"$14,052.97 "
2014-10-17,"$14,227.68 "
2014-10-20,"$14,337.77 "
2014-10-21,"$14,547.71 "
2014-10-22,"$14,312.07 "
2014-10-23,"$14,486.83 "
2014-10-24,"$14,543.82 "
2014-10-27,"$14,469.00 "
2014-10-28,"$14,624.25 "
2014-10-29,"$14,527.57 "
2014-10-30,"$14,458.69 "
2014-10-31,"$14,613.32 "
2014-11-03,"$14,537.62 "
2014-11-04,"$14,390.43 "
2014-11-05,"$14,548.26 "
2014-11-06,"$14,563.38 "
2014-11-07,"$14,690.83 "
2014-11-10,"$14,709.80 "
2014-11-11,"$14,760.27 "
2014-11-12,"$14,856.20 "
2014-11-13,"$14,778.77 "
2014-11-14,"$14,843.10 "
2014-11-17,"$14,882.50 "
2014-11-18,"$14,972.97 "
2014-11-19,"$14,980.15 "
2014-11-20,"$15,075.18 "
2014-11-21,"$15,111.13 "
2014-11-24,"$15,015.41 "
2014-11-25,"$15,073.65 "
2014-11-26,"$15,038.41 "
2014-11-27,"$14,922.44 "
2014-11-28,"$14,744.70 "
2014-12-01,"$14,625.32 "
2014-12-02,"$14,620.07 "
2014-12-03,"$14,754.06 "
2014-12-04,"$14,469.95 "
2014-12-05,"$14,473.70 "
2014-12-08,"$14,144.17 "
2014-12-09,"$14,195.73 "
2014-12-10,"$13,852.95 "
2014-12-11,"$13,905.12 "
2014-12-12,"$13,731.05 "
2014-12-15,"$13,705.14 "
2014-12-16,"$13,861.52 "
2014-12-17,"$14,213.88 "
2014-12-18,"$14,346.75 "
2014-12-19,"$14,468.26 "
2014-12-22,"$14,432.38 "
2014-12-23,"$14,594.03 "
2014-12-24,"$14,609.25 "
2014-12-29,"$14,663.92 "
2014-12-30,"$14,640.04 "
2014-12-31,"$14,632.44 "
2015-01-02,"$14,753.65 "
2015-01-05,"$14,392.70 "
2015-01-06,"$14,246.77 "
2015-01-07,"$14,285.00 "
2015-01-08,"$14,457.72 "
2015-01-09,"$14,384.92 "
2015-01-12,"$14,265.01 "
2015-01-13,"$14,187.16 "
2015-01-14,"$14,084.43 "
2015-01-15,"$14,041.82 "
2015-01-16,"$14,309.41 "
2015-01-19,"$14,312.50 "
2015-01-20,"$14,308.44 "
2015-01-21,"$14,560.42 "
2015-01-22,"$14,763.98 "
2015-01-23,"$14,779.35 "
2015-01-26,"$14,797.83 "
2015-01-27,"$14,833.88 "
2015-01-28,"$14,602.88 "
2015-01-29,"$14,637.28 "
2015-01-30,"$14,673.48 "
2015-02-02,"$14,900.47 "
2015-02-03,"$15,062.88 "
2015-02-04,"$14,995.65 "
2015-02-05,"$15,124.92 "
2015-02-06,"$15,083.92 "
2015-02-09,"$15,100.70 "
2015-02-10,"$15,112.52 "
2015-02-11,"$15,151.50 "
2015-02-12,"$15,228.52 "
2015-02-13,"$15,264.81 "
2015-02-17,"$15,284.61 "
2015-02-18,"$15,212.75 "
2015-02-19,"$15,180.33 "
2015-02-20,"$15,172.24 "
2015-02-23,"$15,200.26 "
2015-02-24,"$15,164.97 "
2015-02-25,"$15,228.57 "
2015-02-26,"$15,241.16 "
2015-02-27,"$15,234.34 "
2015-03-02,"$15,264.05 "
2015-03-03,"$15,133.85 "
2015-03-04,"$15,082.84 "
2015-03-05,"$15,103.11 "
2015-03-06,"$14,952.50 "
2015-03-09,"$14,854.49 "
2015-03-10,"$14,641.76 "
2015-03-11,"$14,739.20 "
2015-03-12,"$14,770.72 "
2015-03-13,"$14,731.50 "
2015-03-16,"$14,862.76 "
2015-03-17,"$14,898.53 "
2015-03-18,"$14,962.24 "
2015-03-19,"$14,873.93 "
2015-03-20,"$14,942.41 "
2015-03-23,"$14,957.21 "
2015-03-24,"$15,081.26 "
2015-03-25,"$14,929.37 "
2015-03-26,"$14,869.80 "
2015-03-27,"$14,812.42 "
2015-03-30,"$14,908.39 "
2015-03-31,"$14,902.44 "
2015-04-01,"$14,942.55 "
2015-04-02,"$15,026.62 "
2015-04-06,"$15,100.65 "
2015-04-07,"$15,188.84 "
2015-04-08,"$15,213.60 "
2015-04-09,"$15,326.31 "
2015-04-10,"$15,388.43 "
2015-04-13,"$15,383.59 "
2015-04-14,"$15,389.28 "
2015-04-15,"$15,450.87 "
2015-04-16,"$15,386.77 "
2015-04-17,"$15,360.55 "
2015-04-20,"$15,412.60 "
2015-04-21,"$15,346.44 "
2015-04-22,"$15,304.77 "
2015-04-23,"$15,392.35 "
2015-04-24,"$15,408.33 "
2015-04-27,"$15,344.08 "
2015-04-28,"$15,346.07 "
2015-04-29,"$15,347.34 "
2015-04-30,"$15,224.52 "
2015-05-01,"$15,339.77 "
2015-05-04,"$15,367.47 "
2015-05-05,"$15,173.94 "
2015-05-06,"$15,023.89 "
2015-05-07,"$15,088.82 "
2015-05-08,"$15,170.02 "
2015-05-11,"$15,152.64 "
2015-05-12,"$15,043.15 "
2015-05-13,"$14,980.72 "
2015-05-14,"$15,028.12 "
2015-05-15,"$15,108.12 "
2015-05-19,"$15,121.02 "
2015-05-20,"$15,072.83 "
2015-05-21,"$15,203.61 "
2015-05-22,"$15,200.76 "
2015-05-25,"$15,187.40 "
2015-05-26,"$15,050.81 "
2015-05-27,"$15,110.47 "
2015-05-28,"$15,107.00 "
2015-05-29,"$15,014.09 "
2015-06-01,"$15,074.13 "
2015-06-02,"$15,104.74 "
2015-06-03,"$15,154.68 "
2015-06-04,"$15,019.39 "
2015-06-05,"$14,957.16 "
2015-06-08,"$14,743.33 "
2015-06-09,"$14,817.71 "
2015-06-10,"$14,889.04 "
2015-06-11,"$14,830.88 "
2015-06-12,"$14,741.15 "
2015-06-15,"$14,756.05 "
2015-06-16,"$14,753.05 "
2015-06-17,"$14,732.98 "
2015-06-18,"$14,770.64 "
2015-06-19,"$14,653.12 "
2015-06-22,"$14,790.48 "
2015-06-23,"$14,904.91 "
2015-06-24,"$14,947.51 "
2015-06-25,"$14,897.50 "
2015-06-26,"$14,808.09 "
2015-06-29,"$14,490.15 "
2015-06-30,"$14,553.33 "
2015-07-02,"$14,637.99 "
2015-07-03,"$14,682.39 "
2015-07-06,"$14,593.57 "
2015-07-07,"$14,624.50 "
2015-07-08,"$14,412.07 "
2015-07-09,"$14,278.49 "
2015-07-10,"$14,411.07 "
2015-07-13,"$14,533.22 "
2015-07-14,"$14,599.40 "
2015-07-15,"$14,662.28 "
2015-07-16,"$14,731.08 "
2015-07-17,"$14,642.84 "
2015-07-20,"$14,425.55 "
2015-07-21,"$14,376.24 "
2015-07-22,"$14,307.12 "
2015-07-23,"$14,265.37 "
2015-07-24,"$14,186.24 "
2015-07-27,"$14,001.37 "
2015-07-28,"$14,077.36 "
2015-07-29,"$14,301.80 "
2015-07-30,"$14,382.78 "
2015-07-31,"$14,468.44 "
2015-08-04,"$14,491.05 "
2015-08-05,"$14,502.99 "
2015-08-06,"$14,405.91 "
2015-08-07,"$14,302.70 "
2015-08-10,"$14,466.39 "
2015-08-11,"$14,414.67 "
2015-08-12,"$14,339.53 "
2015-08-13,"$14,238.40 "
2015-08-14,"$14,277.88 "
2015-08-17,"$14,251.53 "
2015-08-18,"$14,193.87 "
2015-08-19,"$14,036.63 "
2015-08-20,"$13,737.00 "
2015-08-21,"$13,473.67 "
2015-08-24,"$13,052.74 "
2015-08-25,"$13,150.93 "
2015-08-26,"$13,381.59 "
2015-08-27,"$13,766.67 "
2015-08-28,"$13,865.07 "
2015-08-31,"$13,859.12 "
2015-09-01,"$13,481.90 "
2015-09-02,"$13,545.25 "
2015-09-03,"$13,596.41 "
2015-09-04,"$13,478.31 "
2015-09-08,"$13,630.67 "
2015-09-09,"$13,531.85 "
2015-09-10,"$13,569.89 "
2015-09-11,"$13,461.47 "
2015-09-14,"$13,353.34 "
2015-09-15,"$13,462.71 "
2015-09-16,"$13,763.78 "
2015-09-17,"$13,787.16 "
2015-09-18,"$13,646.90 "
2015-09-21,"$13,779.44 "
2015-09-22,"$13,491.09 "
2015-09-23,"$13,383.69 "
2015-09-24,"$13,338.67 "
2015-09-25,"$13,378.57 "
2015-09-28,"$13,004.58 "
2015-09-29,"$13,036.96 "
2015-09-30,"$13,306.96 "
2015-10-01,"$13,241.89 "
2015-10-02,"$13,339.74 "
2015-10-05,"$13,552.20 "
2015-10-06,"$13,647.26 "
2015-10-07,"$13,868.35 "
2015-10-08,"$13,978.66 "
2015-10-09,"$13,964.36 "
2015-10-13,"$13,844.73 "
2015-10-14,"$13,875.33 "
2015-10-15,"$13,828.97 "
2015-10-16,"$13,838.10 "
2015-10-19,"$13,758.38 "
2015-10-20,"$13,841.92 "
2015-10-21,"$13,704.19 "
2015-10-22,"$13,878.11 "
2015-10-23,"$13,953.66 "
2015-10-26,"$13,790.90 "
2015-10-27,"$13,699.60 "
2015-10-28,"$13,863.16 "
2015-10-29,"$13,791.88 "
2015-10-30,"$13,529.17 "
2015-11-02,"$13,623.01 "
2015-11-03,"$13,710.31 "
2015-11-04,"$13,661.82 "
2015-11-05,"$13,558.78 "
2015-11-06,"$13,553.30 "
2015-11-09,"$13,482.62 "
2015-11-10,"$13,411.63 "
2015-11-11,"$13,341.93 "
2015-11-12,"$13,127.18 "
2015-11-13,"$13,075.42 "
2015-11-16,"$13,317.52 "
2015-11-17,"$13,280.39 "
2015-11-18,"$13,399.97 "
2015-11-19,"$13,473.83 "
2015-11-20,"$13,433.49 "
2015-11-23,"$13,382.38 "
2015-11-24,"$13,407.83 "
2015-11-25,"$13,403.42 "
2015-11-26,"$13,425.19 "
2015-11-27,"$13,368.24 "
2015-11-30,"$13,469.83 "
2015-12-01,"$13,636.06 "
2015-12-02,"$13,463.82 "
2015-12-03,"$13,324.67 "
2015-12-04,"$13,358.77 "
2015-12-07,"$13,042.83 "
2015-12-08,"$12,922.47 "
2015-12-09,"$12,937.59 "
2015-12-10,"$13,016.59 "
2015-12-11,"$12,789.95 "
2015-12-14,"$12,695.49 "
2015-12-15,"$12,919.57 "
2015-12-16,"$13,166.08 "
2015-12-17,"$13,009.93 "
2015-12-18,"$13,024.30 "
2015-12-21,"$13,034.38 "
2015-12-22,"$13,082.86 "
2015-12-23,"$13,284.91 "
2015-12-24,"$13,309.80 "
2015-12-29,"$13,245.75 "
2015-12-30,"$13,142.29 "
2015-12-31,"$13,009.95 "
2016-01-04,"$12,927.15 "
2016-01-05,"$12,920.14 "
2016-01-06,"$12,726.80 "
2016-01-07,"$12,448.21 "
2016-01-08,"$12,445.45 "
2016-01-11,"$12,319.25 "
2016-01-12,"$12,373.90 "
2016-01-13,"$12,170.41 "
2016-01-14,"$12,336.03 "
2016-01-15,"$12,073.46 "
2016-01-18,"$11,942.17 "
2016-01-19,"$12,002.24 "
2016-01-20,"$11,843.11 "
2016-01-21,"$12,035.86 "
2016-01-22,"$12,389.58 "
2016-01-25,"$12,143.16 "
2016-01-26,"$12,331.32 "
2016-01-27,"$12,377.77 "
2016-01-28,"$12,591.93 "
2016-01-29,"$12,822.13 "
2016-02-01,"$12,674.37 "
2016-02-02,"$12,442.26 "
2016-02-03,"$12,593.02 "
2016-02-04,"$12,774.50 "
2016-02-05,"$12,763.99 "
2016-02-08,"$12,535.40 "
2016-02-09,"$12,282.65 "
2016-02-10,"$12,185.72 "
2016-02-11,"$12,087.37 "
2016-02-12,"$12,381.24 "
2016-02-16,"$12,554.98 "
2016-02-17,"$12,867.16 "
2016-02-18,"$12,931.36 "
2016-02-19,"$12,813.40 "
2016-02-22,"$12,845.63 "
2016-02-23,"$12,763.44 "
2016-02-24,"$12,740.27 "
2016-02-25,"$12,753.60 "
2016-02-26,"$12,797.79 "
2016-02-29,"$12,860.35 "
2016-03-01,"$12,982.10 "
2016-03-02,"$13,017.93 "
2016-03-03,"$13,123.65 "
2016-03-04,"$13,212.50 "
2016-03-07,"$13,383.60 "
2016-03-08,"$13,311.05 "
2016-03-09,"$13,392.90 "
2016-03-10,"$13,379.14 "
2016-03-11,"$13,522.00 "
2016-03-14,"$13,477.54 "
2016-03-15,"$13,400.31 "
2016-03-16,"$13,478.13 "
2016-03-17,"$13,621.30 "
2016-03-18,"$13,497.07 "
2016-03-21,"$13,561.09 "
2016-03-22,"$13,493.49 "
2016-03-23,"$13,379.48 "
2016-03-24,"$13,358.11 "
2016-03-28,"$13,390.19 "
2016-03-29,"$13,426.23 "
2016-03-30,"$13,503.98 "
2016-03-31,"$13,494.36 "
2016-04-01,"$13,440.44 "
2016-04-04,"$13,336.15 "
2016-04-05,"$13,304.66 "
2016-04-06,"$13,347.46 "
2016-04-07,"$13,266.44 "
2016-04-08,"$13,396.73 "
2016-04-11,"$13,422.76 "
2016-04-12,"$13,581.42 "
2016-04-13,"$13,671.35 "
2016-04-14,"$13,668.29 "
2016-04-15,"$13,637.20 "
2016-04-18,"$13,719.82 "
2016-04-19,"$13,867.28 "
2016-04-20,"$13,911.29 "
2016-04-21,"$13,881.20 "
2016-04-22,"$13,874.00 "
2016-04-25,"$13,795.99 "
2016-04-26,"$13,809.44 "
2016-04-27,"$13,887.66 "
2016-04-28,"$13,886.43 "
2016-04-29,"$13,951.45 "
2016-05-02,"$13,865.63 "
2016-05-03,"$13,707.68 "
2016-05-04,"$13,632.00 "
2016-05-05,"$13,632.01 "
2016-05-06,"$13,701.47 "
2016-05-09,"$13,563.84 "
2016-05-10,"$13,775.19 "
2016-05-11,"$13,788.21 "
2016-05-12,"$13,787.80 "
2016-05-13,"$13,748.58 "
2016-05-16,"$13,893.49 "
2016-05-17,"$13,917.10 "
2016-05-18,"$13,826.01 "
2016-05-19,"$13,817.32 "
2016-05-20,"$13,919.58 "
2016-05-24,"$13,952.85 "
2016-05-25,"$14,053.74 "
2016-05-26,"$14,049.20 "
2016-05-27,"$14,105.23 "
2016-05-30,"$14,086.67 "
2016-05-31,"$14,065.78 "
2016-06-01,"$14,063.54 "
2016-06-02,"$14,136.99 "
2016-06-03,"$14,226.78 "
2016-06-06,"$14,276.16 "
2016-06-07,"$14,365.61 "
2016-06-08,"$14,313.10 "
2016-06-09,"$14,240.02 "
2016-06-10,"$14,037.54 "
2016-06-13,"$13,993.88 "
2016-06-14,"$13,884.23 "
2016-06-15,"$13,923.45 "
2016-06-16,"$13,882.41 "
2016-06-17,"$13,901.77 "
2016-06-20,"$14,015.14 "
2016-06-21,"$14,012.32 "
2016-06-22,"$14,003.81 "
2016-06-23,"$14,131.38 "
2016-06-24,"$13,891.88 "
2016-06-27,"$13,689.79 "
2016-06-28,"$13,842.69 "
2016-06-29,"$14,036.74 "
2016-06-30,"$14,064.54 "
2016-07-04,"$14,258.87 "
2016-07-05,"$14,219.57 "
2016-07-06,"$14,231.06 "
2016-07-07,"$14,134.46 "
2016-07-08,"$14,259.84 "
2016-07-11,"$14,361.88 "
2016-07-12,"$14,477.67 "
2016-07-13,"$14,493.80 "
2016-07-14,"$14,514.52 "
2016-07-15,"$14,482.42 "
2016-07-18,"$14,532.40 "
2016-07-19,"$14,524.61 "
2016-07-20,"$14,533.57 "
2016-07-21,"$14,565.83 "
2016-07-22,"$14,600.66 "
2016-07-25,"$14,498.10 "
2016-07-26,"$14,550.00 "
2016-07-27,"$14,546.54 "
2016-07-28,"$14,552.72 "
2016-07-29,"$14,582.74 "
2016-08-02,"$14,477.01 "
2016-08-03,"$14,512.05 "
2016-08-04,"$14,528.78 "
2016-08-05,"$14,648.77 "
2016-08-08,"$14,755.62 "
2016-08-09,"$14,801.23 "
2016-08-10,"$14,775.04 "
2016-08-11,"$14,796.06 "
2016-08-12,"$14,747.45 "
2016-08-15,"$14,777.02 "
2016-08-16,"$14,703.44 "
2016-08-17,"$14,697.60 "
2016-08-18,"$14,695.68 "
2016-08-19,"$14,687.46 "
2016-08-22,"$14,748.19 "
2016-08-23,"$14,764.77 "
2016-08-24,"$14,626.24 "
2016-08-25,"$14,630.72 "
2016-08-26,"$14,639.88 "
2016-08-29,"$14,681.97 "
2016-08-30,"$14,684.85 "
2016-08-31,"$14,597.95 "
2016-09-01,"$14,683.91 "
2016-09-02,"$14,795.70 "
2016-09-06,"$14,813.02 "
2016-09-07,"$14,796.75 "
2016-09-08,"$14,803.26 "
2016-09-09,"$14,540.00 "
2016-09-12,"$14,597.14 "
2016-09-13,"$14,349.10 "
2016-09-14,"$14,366.46 "
2016-09-15,"$14,503.67 "
2016-09-16,"$14,450.69 "
2016-09-19,"$14,496.23 "
2016-09-20,"$14,521.98 "
2016-09-21,"$14,710.82 "
2016-09-22,"$14,797.18 "
2016-09-23,"$14,697.93 "
2016-09-26,"$14,619.46 "
2016-09-27,"$14,558.04 "
2016-09-28,"$14,731.43 "
2016-09-29,"$14,754.55 "
2016-09-30,"$14,725.86 "
2016-10-03,"$14,689.04 "
2016-10-04,"$14,521.01 "
2016-10-05,"$14,610.58 "
2016-10-06,"$14,595.50 "
2016-10-07,"$14,566.26 "
2016-10-11,"$14,549.60 "
2016-10-12,"$14,618.97 "
2016-10-13,"$14,643.71 "
2016-10-14,"$14,584.99 "
2016-10-17,"$14,596.52 "
2016-10-18,"$14,752.25 "
2016-10-19,"$14,840.49 "
2016-10-20,"$14,847.92 "
2016-10-21,"$14,939.04 "
2016-10-24,"$14,923.01 "
2016-10-25,"$14,870.63 "
2016-10-26,"$14,807.56 "
2016-10-27,"$14,833.75 "
2016-10-28,"$14,785.29 "
2016-10-31,"$14,787.27 "
2016-11-01,"$14,778.32 "
2016-11-02,"$14,594.72 "
2016-11-03,"$14,583.42 "
2016-11-04,"$14,509.25 "
2016-11-07,"$14,652.45 "
2016-11-08,"$14,656.84 "
2016-11-09,"$14,759.91 "
2016-11-10,"$14,744.25 "
2016-11-11,"$14,555.41 "
2016-11-14,"$14,598.45 "
2016-11-15,"$14,756.10 "
2016-11-16,"$14,733.22 "
2016-11-17,"$14,826.09 "
2016-11-18,"$14,864.03 "
2016-11-21,"$15,039.87 "
2016-11-22,"$15,100.38 "
2016-11-23,"$15,080.91 "
2016-11-24,"$15,075.20 "
2016-11-25,"$15,075.44 "
2016-11-28,"$15,015.36 "
2016-11-29,"$14,999.81 "
2016-11-30,"$15,082.85 "
2016-12-01,"$15,027.53 "
2016-12-02,"$15,052.52 "
2016-12-05,"$15,095.17 "
2016-12-06,"$15,125.80 "
2016-12-07,"$15,237.75 "
2016-12-08,"$15,295.20 "
2016-12-09,"$15,312.20 "
2016-12-12,"$15,287.70 "
2016-12-13,"$15,385.27 "
2016-12-14,"$15,197.18 "
2016-12-15,"$15,218.31 "
2016-12-16,"$15,252.20 "
2016-12-19,"$15,269.85 "
2016-12-20,"$15,292.96 "
2016-12-21,"$15,305.89 "
2016-12-22,"$15,335.23 "
2016-12-23,"$15,328.15 "
2016-12-28,"$15,361.10 "
2016-12-29,"$15,422.12 "
2016-12-30,"$15,287.59 "
2017-01-03,"$15,403.03 "
2017-01-04,"$15,516.75 "
2017-01-05,"$15,586.58 "
2017-01-06,"$15,496.05 "
2017-01-09,"$15,388.95 "
2017-01-10,"$15,426.28 "
2017-01-11,"$15,491.54 "
2017-01-12,"$15,418.16 "
2017-01-13,"$15,497.28 "
2017-01-16,"$15,479.29 "
2017-01-17,"$15,441.36 "
2017-01-18,"$15,397.85 "
2017-01-19,"$15,409.81 "
2017-01-20,"$15,547.88 "
2017-01-23,"$15,480.13 "
2017-01-24,"$15,610.69 "
2017-01-25,"$15,643.84 "
2017-01-26,"$15,615.52 "
2017-01-27,"$15,575.81 "
2017-01-30,"$15,405.12 "
2017-01-31,"$15,385.96 "
2017-02-01,"$15,402.39 "
2017-02-02,"$15,399.11 "
2017-02-03,"$15,476.39 "
2017-02-06,"$15,456.94 "
2017-02-07,"$15,498.80 "
2017-02-08,"$15,554.04 "
2017-02-09,"$15,617.30 "
2017-02-10,"$15,729.12 "
2017-02-13,"$15,756.58 "
2017-02-14,"$15,786.03 "
2017-02-15,"$15,844.95 "
2017-02-16,"$15,864.17 "
2017-02-17,"$15,838.63 "
2017-02-21,"$15,922.37 "
2017-02-22,"$15,830.22 "
2017-02-23,"$15,781.20 "
2017-02-24,"$15,533.47 "
2017-02-27,"$15,463.51 "
2017-02-28,"$15,399.24 "
2017-03-01,"$15,599.68 "
2017-03-02,"$15,536.65 "
2017-03-03,"$15,608.50 "
2017-03-06,"$15,629.75 "
2017-03-07,"$15,608.78 "
2017-03-08,"$15,496.98 "
2017-03-09,"$15,496.84 "
2017-03-10,"$15,506.68 "
2017-03-13,"$15,544.82 "
2017-03-14,"$15,379.61 "
2017-03-15,"$15,520.91 "
2017-03-16,"$15,562.41 "
2017-03-17,"$15,490.49 "
2017-03-20,"$15,442.32 "
2017-03-21,"$15,313.13 "
2017-03-22,"$15,348.46 "
2017-03-23,"$15,433.61 "
2017-03-24,"$15,442.67 "
2017-03-27,"$15,506.22 "
2017-03-28,"$15,598.57 "
2017-03-29,"$15,657.63 "
2017-03-30,"$15,578.76 "
2017-03-31,"$15,547.75 "
2017-04-03,"$15,584.40 "
2017-04-04,"$15,669.07 "
2017-04-05,"$15,642.99 "
2017-04-06,"$15,697.18 "
2017-04-07,"$15,667.13 "
2017-04-10,"$15,730.79 "
2017-04-11,"$15,727.11 "
2017-04-12,"$15,648.40 "
2017-04-13,"$15,535.48 "
2017-04-17,"$15,684.89 "
2017-04-18,"$15,622.57 "
2017-04-19,"$15,552.88 "
2017-04-20,"$15,625.56 "
2017-04-21,"$15,614.48 "
2017-04-24,"$15,712.46 "
2017-04-25,"$15,745.19 "
2017-04-26,"$15,649.54 "
2017-04-27,"$15,506.47 "
2017-04-28,"$15,586.13 "
2017-05-01,"$15,575.63 "
2017-05-02,"$15,619.65 "
2017-05-03,"$15,543.14 "
2017-05-04,"$15,396.70 "
2017-05-05,"$15,582.04 "
2017-05-08,"$15,652.08 "
2017-05-09,"$15,569.20 "
2017-05-10,"$15,633.21 "
2017-05-11,"$15,550.55 "
2017-05-12,"$15,537.88 "
2017-05-15,"$15,629.47 "
2017-05-16,"$15,543.33 "
2017-05-17,"$15,273.68 "
2017-05-18,"$15,277.20 "
2017-05-19,"$15,458.46 "
2017-05-23,"$15,476.94 "
2017-05-24,"$15,419.49 "
2017-05-25,"$15,410.73 "
2017-05-26,"$15,416.93 "
2017-05-29,"$15,421.91 "
2017-05-30,"$15,372.35 "
2017-05-31,"$15,349.91 "
2017-06-01,"$15,469.91 "
2017-06-02,"$15,442.75 "
2017-06-05,"$15,409.78 "
2017-06-06,"$15,464.56 "
2017-06-07,"$15,372.14 "
2017-06-08,"$15,423.09 "
2017-06-09,"$15,473.21 "
2017-06-12,"$15,383.80 "
2017-06-13,"$15,379.75 "
2017-06-14,"$15,170.13 "
2017-06-15,"$15,160.42 "
2017-06-16,"$15,192.54 "
2017-06-19,"$15,266.04 "
2017-06-20,"$15,149.60 "
2017-06-21,"$15,148.53 "
2017-06-22,"$15,219.90 "
2017-06-23,"$15,319.56 "
2017-06-26,"$15,316.02 "
2017-06-27,"$15,281.22 "
2017-06-28,"$15,355.58 "
2017-06-29,"$15,213.42 "
2017-06-30,"$15,182.19 "
2017-07-04,"$15,130.61 "
2017-07-05,"$15,153.12 "
2017-07-06,"$15,078.00 "
2017-07-07,"$15,027.16 "
2017-07-10,"$15,105.28 "
2017-07-11,"$15,149.14 "
2017-07-12,"$15,143.99 "
2017-07-13,"$15,135.00 "
2017-07-14,"$15,174.81 "
2017-07-17,"$15,165.36 "
2017-07-18,"$15,149.57 "
2017-07-19,"$15,244.71 "
2017-07-20,"$15,264.64 "
2017-07-21,"$15,183.13 "
2017-07-24,"$15,128.69 "
2017-07-25,"$15,202.37 "
2017-07-26,"$15,171.39 "
2017-07-27,"$15,191.36 "
2017-07-28,"$15,128.65 "
2017-07-31,"$15,143.87 "
2017-08-01,"$15,202.10 "
2017-08-02,"$15,265.63 "
2017-08-03,"$15,191.96 "
2017-08-04,"$15,257.97 "
2017-08-08,"$15,256.35 "
2017-08-09,"$15,217.33 "
2017-08-10,"$15,074.25 "
2017-08-11,"$15,033.38 "
2017-08-14,"$15,119.91 "
2017-08-15,"$15,097.84 "
2017-08-16,"$15,082.21 "
2017-08-17,"$15,033.64 "
2017-08-18,"$14,952.33 "
2017-08-21,"$14,951.88 "
2017-08-22,"$14,984.96 "
2017-08-23,"$15,063.16 "
2017-08-24,"$15,076.16 "
2017-08-25,"$15,055.99 "
2017-08-28,"$15,052.03 "
2017-08-29,"$15,082.70 "
2017-08-30,"$15,133.13 "
2017-08-31,"$15,211.87 "
2017-09-01,"$15,191.60 "
2017-09-05,"$15,090.15 "
2017-09-06,"$15,059.83 "
2017-09-07,"$15,024.53 "
2017-09-08,"$14,985.32 "
2017-09-11,"$15,040.30 "
2017-09-12,"$15,143.41 "
2017-09-13,"$15,126.81 "
2017-09-14,"$15,172.72 "
2017-09-15,"$15,173.03 "
2017-09-18,"$15,236.67 "
2017-09-19,"$15,292.97 "
2017-09-20,"$15,389.60 "
2017-09-21,"$15,454.92 "
2017-09-22,"$15,454.23 "
2017-09-25,"$15,516.23 "
2017-09-26,"$15,474.12 "
2017-09-27,"$15,609.66 "
2017-09-28,"$15,618.25 "
2017-09-29,"$15,634.94 "
2017-10-02,"$15,705.00 "
2017-10-03,"$15,728.51 "
2017-10-04,"$15,721.00 "
2017-10-05,"$15,776.30 "
2017-10-06,"$15,728.32 "
2017-10-10,"$15,770.36 "
2017-10-11,"$15,800.40 "
2017-10-12,"$15,742.20 "
2017-10-13,"$15,807.17 "
2017-10-16,"$15,802.70 "
2017-10-17,"$15,816.90 "
2017-10-18,"$15,782.16 "
2017-10-19,"$15,818.00 "
2017-10-20,"$15,857.22 "
2017-10-23,"$15,855.76 "
2017-10-24,"$15,905.14 "
2017-10-25,"$15,854.77 "
2017-10-26,"$15,891.63 "
2017-10-27,"$15,953.51 "
2017-10-30,"$16,002.78 "
2017-10-31,"$16,025.59 "
2017-11-01,"$16,029.33 "
2017-11-02,"$16,014.99 "
2017-11-03,"$16,020.16 "
2017-11-06,"$16,092.20 "
2017-11-07,"$16,131.79 "
2017-11-08,"$16,105.35 "
2017-11-09,"$16,082.09 "
2017-11-10,"$16,039.26 "
2017-11-13,"$16,026.26 "
2017-11-14,"$15,913.13 "
2017-11-15,"$15,878.48 "
2017-11-16,"$15,935.37 "
2017-11-17,"$15,998.57 "
2017-11-20,"$16,004.40 "
2017-11-21,"$16,076.65 "
2017-11-22,"$16,073.58 "
2017-11-23,"$16,074.30 "
2017-11-24,"$16,108.09 "
2017-11-27,"$16,042.12 "
2017-11-28,"$16,029.64 "
2017-11-29,"$15,967.72 "
2017-11-30,"$16,067.48 "
2017-12-01,"$16,038.97 "
2017-12-04,"$15,969.03 "
2017-12-05,"$15,915.68 "
2017-12-06,"$15,908.78 "
2017-12-07,"$16,015.68 "
2017-12-08,"$16,096.07 "
2017-12-11,"$16,103.51 "
2017-12-12,"$16,114.03 "
2017-12-13,"$16,136.59 "
2017-12-14,"$16,016.46 "
2017-12-15,"$16,041.98 "
2017-12-18,"$16,131.64 "
2017-12-19,"$16,133.35 "
2017-12-20,"$16,159.67 "
2017-12-21,"$16,182.63 "
2017-12-22,"$16,165.27 "
2017-12-27,"$16,203.13 "
2017-12-28,"$16,221.95 "
2017-12-29,"$16,209.13 "
2018-01-02,"$16,309.99 "
2018-01-03,"$16,371.55 "
2018-01-04,"$16,412.94 "
2018-01-05,"$16,349.44 "
2018-01-08,"$16,317.65 "
2018-01-09,"$16,319.24 "
2018-01-10,"$16,247.95 "
2018-01-11,"$16,286.94 "
2018-01-12,"$16,308.18 "
2018-01-15,"$16,371.81 "
2018-01-16,"$16,298.88 "
2018-01-17,"$16,326.70 "
2018-01-18,"$16,284.47 "
2018-01-19,"$16,353.46 "
2018-01-22,"$16,347.98 "
2018-01-23,"$16,357.55 "
2018-01-24,"$16,284.21 "
2018-01-25,"$16,204.01 "
2018-01-26,"$16,239.22 "
2018-01-29,"$16,094.72 "
2018-01-30,"$15,955.51 "
2018-01-31,"$15,951.67 "
2018-02-01,"$15,860.92 "
2018-02-02,"$15,606.03 "
2018-02-05,"$15,334.81 "
2018-02-06,"$15,363.93 "
2018-02-07,"$15,330.58 "
2018-02-08,"$15,065.61 "
2018-02-09,"$15,034.53 "
2018-02-12,"$15,241.88 "
2018-02-13,"$15,216.47 "
2018-02-14,"$15,328.27 "
2018-02-15,"$15,407.66 "
2018-02-16,"$15,452.64 "
2018-02-20,"$15,439.44 "
2018-02-21,"$15,524.01 "
2018-02-22,"$15,508.17 "
2018-02-23,"$15,638.45 "
2018-02-26,"$15,714.66 "
2018-02-27,"$15,671.15 "
2018-02-28,"$15,442.68 "
2018-03-01,"$15,393.95 "
2018-03-02,"$15,384.59 "
2018-03-05,"$15,541.28 "
2018-03-06,"$15,545.19 "
2018-03-07,"$15,472.61 "
2018-03-08,"$15,538.70 "
2018-03-09,"$15,577.81 "
2018-03-12,"$15,604.79 "
2018-03-13,"$15,647.14 "
2018-03-14,"$15,653.61 "
2018-03-15,"$15,670.62 "
2018-03-16,"$15,711.33 "
2018-03-19,"$15,589.39 "
2018-03-20,"$15,616.36 "
2018-03-21,"$15,675.28 "
2018-03-22,"$15,399.93 "
2018-03-23,"$15,223.74 "
2018-03-26,"$15,298.56 "
2018-03-27,"$15,216.18 "
2018-03-28,"$15,169.94 "
2018-03-29,"$15,367.29 "
2018-04-02,"$15,213.45 "
2018-04-03,"$15,180.76 "
2018-04-04,"$15,164.37 "
2018-04-05,"$15,356.05 "
2018-04-06,"$15,207.41 "
2018-04-09,"$15,227.70 "
2018-04-10,"$15,262.14 "
2018-04-11,"$15,257.90 "
2018-04-12,"$15,269.27 "
2018-04-13,"$15,273.97 "
2018-04-16,"$15,300.38 "
2018-04-17,"$15,353.30 "
2018-04-18,"$15,529.97 "
2018-04-19,"$15,454.42 "
2018-04-20,"$15,484.32 "
2018-04-23,"$15,552.06 "
2018-04-24,"$15,477.00 "
2018-04-25,"$15,509.75 "
2018-04-26,"$15,637.59 "
2018-04-27,"$15,668.93 "
2018-04-30,"$15,607.88 "
2018-05-01,"$15,618.93 "
2018-05-02,"$15,627.93 "
2018-05-03,"$15,621.47 "
2018-05-04,"$15,729.40 "
2018-05-07,"$15,808.63 "
2018-05-08,"$15,842.71 "
2018-05-09,"$15,910.81 "
2018-05-10,"$15,959.50 "
2018-05-11,"$15,983.32 "
2018-05-14,"$16,085.61 "
2018-05-15,"$16,097.81 "
2018-05-16,"$16,108.06 "
2018-05-17,"$16,143.55 "
2018-05-18,"$16,162.31 "
2018-05-22,"$16,144.79 "
2018-05-23,"$16,133.80 "
2018-05-24,"$16,113.62 "
2018-05-25,"$16,075.67 "
2018-05-28,"$16,016.14 "
2018-05-29,"$15,922.61 "
2018-05-30,"$16,048.66 "
2018-05-31,"$16,061.50 "
2018-06-01,"$16,043.54 "
2018-06-04,"$16,052.24 "
2018-06-05,"$16,122.25 "
2018-06-06,"$16,183.93 "
2018-06-07,"$16,192.78 "
2018-06-08,"$16,202.69 "
2018-06-11,"$16,263.29 "
2018-06-12,"$16,288.98 "
2018-06-13,"$16,265.82 "
2018-06-14,"$16,328.96 "
2018-06-15,"$16,314.42 "
2018-06-18,"$16,383.63 "
2018-06-19,"$16,316.53 "
2018-06-20,"$16,420.95 "
2018-06-21,"$16,335.15 "
2018-06-22,"$16,450.14 "
2018-06-25,"$16,183.96 "
2018-06-26,"$16,280.09 "
2018-06-27,"$16,231.25 "
2018-06-28,"$16,179.89 "
2018-06-29,"$16,277.73 "
2018-07-03,"$16,263.16 "
2018-07-04,"$16,304.72 "
2018-07-05,"$16,266.61 "
2018-07-06,"$16,371.78 "
2018-07-09,"$16,452.34 "
2018-07-10,"$16,548.72 "
2018-07-11,"$16,417.32 "
2018-07-12,"$16,567.42 "
2018-07-13,"$16,561.12 "
2018-07-16,"$16,494.73 "
2018-07-17,"$16,519.24 "
2018-07-18,"$16,477.40 "
2018-07-19,"$16,543.01 "
2018-07-20,"$16,435.46 "
2018-07-23,"$16,420.84 "
2018-07-24,"$16,390.13 "
2018-07-25,"$16,420.76 "
2018-07-26,"$16,455.73 "
2018-07-27,"$16,393.95 "
2018-07-30,"$16,345.47 "
2018-07-31,"$16,434.01 "
2018-08-01,"$16,376.77 "
2018-08-02,"$16,409.16 "
2018-08-03,"$16,420.24 "
2018-08-07,"$16,286.30 "
2018-08-08,"$16,315.08 "
2018-08-09,"$16,416.98 "
2018-08-10,"$16,326.51 "
2018-08-13,"$16,250.75 "
2018-08-14,"$16,330.67 "
2018-08-15,"$16,148.50 "
2018-08-16,"$16,225.65 "
2018-08-17,"$16,323.71 "
2018-08-20,"$16,331.03 "
2018-08-21,"$16,296.97 "
2018-08-22,"$16,347.34 "
2018-08-23,"$16,326.79 "
2018-08-24,"$16,356.05 "
2018-08-27,"$16,444.39 "
2018-08-28,"$16,355.54 "
2018-08-29,"$16,390.29 "
2018-08-30,"$16,371.55 "
2018-08-31,"$16,262.88 "
2018-09-04,"$16,161.30 "
2018-09-05,"$16,137.57 "
2018-09-06,"$16,100.94 "
2018-09-07,"$16,090.27 "
2018-09-10,"$16,057.09 "
2018-09-11,"$16,094.25 "
2018-09-12,"$16,049.02 "
2018-09-13,"$16,001.71 "
2018-09-14,"$16,013.49 "
2018-09-17,"$16,082.31 "
2018-09-18,"$16,196.04 "
2018-09-19,"$16,149.92 "
2018-09-20,"$16,214.75 "
2018-09-21,"$16,224.13 "
2018-09-24,"$16,207.32 "
2018-09-25,"$16,159.50 "
2018-09-26,"$16,169.28 "
2018-09-27,"$16,204.62 "
2018-09-28,"$16,073.14 "
2018-10-01,"$16,104.43 "
2018-10-02,"$16,017.23 "
2018-10-03,"$16,072.05 "
2018-10-04,"$16,006.67 "
2018-10-05,"$15,946.17 "
2018-10-09,"$15,854.05 "
2018-10-10,"$15,517.40 "
2018-10-11,"$15,317.13 "
2018-10-12,"$15,414.29 "
2018-10-15,"$15,409.47 "
2018-10-16,"$15,579.74 "
2018-10-17,"$15,529.90 "
2018-10-18,"$15,404.13 "
2018-10-19,"$15,470.10 "
2018-10-22,"$15,412.70 "
2018-10-23,"$15,285.17 "
2018-10-24,"$14,909.13 "
2018-10-25,"$14,924.08 "
2018-10-26,"$14,888.26 "
2018-10-29,"$14,721.75 "
2018-10-30,"$14,894.50 "
2018-10-31,"$15,027.28 "
2018-11-01,"$15,150.15 "
2018-11-02,"$15,119.28 "
2018-11-05,"$15,217.70 "
2018-11-06,"$15,292.71 "
2018-11-07,"$15,369.43 "
2018-11-08,"$15,357.47 "
2018-11-09,"$15,274.44 "
2018-11-12,"$15,156.40 "
2018-11-13,"$15,131.78 "
2018-11-14,"$15,133.12 "
2018-11-15,"$15,144.88 "
2018-11-16,"$15,155.50 "
2018-11-19,"$15,071.01 "
2018-11-20,"$14,877.00 "
2018-11-21,"$15,095.02 "
2018-11-22,"$15,091.58 "
2018-11-23,"$15,010.73 "
2018-11-26,"$15,012.65 "
2018-11-27,"$14,944.09 "
2018-11-28,"$15,171.25 "
2018-11-29,"$15,194.04 "
2018-11-30,"$15,197.82 "
2018-12-03,"$15,274.98 "
2018-12-04,"$15,063.59 "
2018-12-05,"$15,182.64 "
2018-12-06,"$14,937.00 "
2018-12-07,"$14,795.13 "
2018-12-10,"$14,728.28 "
2018-12-11,"$14,667.83 "
2018-12-12,"$14,783.06 "
2018-12-13,"$14,750.35 "
2018-12-14,"$14,595.07 "
2018-12-17,"$14,362.65 "
2018-12-18,"$14,416.89 "
2018-12-19,"$14,264.06 "
2018-12-20,"$14,141.77 "
2018-12-21,"$13,935.44 "
2018-12-24,"$13,780.19 "
2018-12-27,"$14,165.21 "
2018-12-28,"$14,222.00 "
2018-12-31,"$14,322.86 "
2019-01-02,"$14,347.16 "
2019-01-03,"$14,212.75 "
2019-01-04,"$14,426.62 "
2019-01-07,"$14,504.13 "
2019-01-08,"$14,605.15 "
2019-01-09,"$14,804.73 "
2019-01-10,"$14,903.49 "
2019-01-11,"$14,939.18 "
2019-01-14,"$14,975.53 "
2019-01-15,"$15,046.28 "
2019-01-16,"$15,111.26 "
2019-01-17,"$15,211.22 "
2019-01-18,"$15,303.83 "
2019-01-21,"$15,354.16 "
2019-01-22,"$15,233.76 "
2019-01-23,"$15,208.33 "
2019-01-24,"$15,280.78 "
2019-01-25,"$15,366.05 "
2019-01-28,"$15,378.62 "
2019-01-29,"$15,463.14 "
2019-01-30,"$15,484.55 "
2019-01-31,"$15,540.60 "
2019-02-01,"$15,506.31 "
2019-02-04,"$15,602.32 "
2019-02-05,"$15,702.69 "
2019-02-06,"$15,712.31 "
2019-02-07,"$15,703.36 "
2019-02-08,"$15,633.33 "
2019-02-11,"$15,568.85 "
2019-02-12,"$15,642.10 "
2019-02-13,"$15,626.73 "
2019-02-14,"$15,695.98 "
2019-02-15,"$15,838.24 "
2019-02-19,"$15,937.44 "
2019-02-20,"$16,031.24 "
2019-02-21,"$16,000.86 "
2019-02-22,"$16,013.01 "
2019-02-25,"$16,057.03 "
2019-02-26,"$16,067.91 "
2019-02-27,"$16,074.30 "
2019-02-28,"$15,999.01 "
2019-03-01,"$16,068.25 "
2019-03-04,"$16,038.13 "
2019-03-05,"$16,086.54 "
2019-03-06,"$16,092.07 "
2019-03-07,"$16,056.51 "
2019-03-08,"$15,996.21 "
2019-03-11,"$16,106.24 "
2019-03-12,"$16,136.66 "
2019-03-13,"$16,149.97 "
2019-03-14,"$16,087.55 "
2019-03-15,"$16,140.35 "
2019-03-18,"$16,251.37 "
2019-03-19,"$16,188.10 "
2019-03-20,"$16,167.56 "
2019-03-21,"$16,244.59 "
2019-03-22,"$16,089.33 "
2019-03-25,"$16,065.86 "
2019-03-26,"$16,155.16 "
2019-03-27,"$16,132.53 "
2019-03-28,"$16,155.49 "
2019-03-29,"$16,102.09 "
2019-04-01,"$16,228.06 "
2019-04-02,"$16,263.87 "
2019-04-03,"$16,279.86 "
2019-04-04,"$16,311.61 "
2019-04-05,"$16,396.15 "
2019-04-08,"$16,407.29 "
2019-04-09,"$16,336.45 "
2019-04-10,"$16,396.29 "
2019-04-11,"$16,399.47 "
2019-04-12,"$16,480.53 "
2019-04-15,"$16,515.46 "
2019-04-16,"$16,502.20 "
2019-04-17,"$16,544.24 "
2019-04-18,"$16,612.81 "
2019-04-22,"$16,577.28 "
2019-04-23,"$16,669.40 "
2019-04-24,"$16,586.52 "
2019-04-25,"$16,576.10 "
2019-04-26,"$16,613.46 "
2019-04-29,"$16,600.37 "
2019-04-30,"$16,580.73 "
2019-05-01,"$16,502.75 "
2019-05-02,"$16,410.88 "
2019-05-03,"$16,494.43 "
2019-05-06,"$16,493.46 "
2019-05-07,"$16,357.75 "
2019-05-08,"$16,397.40 "
2019-05-09,"$16,321.75 "
2019-05-10,"$16,297.55 "
2019-05-13,"$16,193.41 "
2019-05-14,"$16,284.53 "
2019-05-15,"$16,318.14 "
2019-05-16,"$16,443.86 "
2019-05-17,"$16,401.75 "
2019-05-21,"$16,426.47 "
2019-05-22,"$16,327.35 "
2019-05-23,"$16,164.61 "
2019-05-24,"$16,230.04 "
2019-05-27,"$16,346.66 "
2019-05-28,"$16,297.46 "
2019-05-29,"$16,131.47 "
2019-05-30,"$16,089.24 "
2019-05-31,"$16,037.49 "
2019-06-03,"$16,015.89 "
2019-06-04,"$16,166.24 "
2019-06-05,"$16,212.66 "
2019-06-06,"$16,227.80 "
2019-06-07,"$16,230.96 "
2019-06-10,"$16,216.26 "
2019-06-11,"$16,248.76 "
2019-06-12,"$16,227.24 "
2019-06-13,"$16,239.26 "
2019-06-14,"$16,301.91 "
2019-06-17,"$16,353.45 "
2019-06-18,"$16,503.35 "
2019-06-19,"$16,511.79 "
2019-06-20,"$16,574.83 "
2019-06-21,"$16,525.43 "
2019-06-24,"$16,523.47 "
2019-06-25,"$16,371.28 "
2019-06-26,"$16,312.22 "
2019-06-27,"$16,307.73 "
2019-06-28,"$16,382.20 "
2019-07-02,"$16,471.29 "
2019-07-03,"$16,576.20 "
2019-07-04,"$16,588.85 "
2019-07-05,"$16,541.99 "
2019-07-08,"$16,462.95 "
2019-07-09,"$16,545.21 "
2019-07-10,"$16,563.29 "
2019-07-11,"$16,527.90 "
2019-07-12,"$16,488.12 "
2019-07-15,"$16,510.82 "
2019-07-16,"$16,502.42 "
2019-07-17,"$16,484.21 "
2019-07-18,"$16,494.23 "
2019-07-19,"$16,485.94 "
2019-07-22,"$16,518.88 "
2019-07-23,"$16,572.68 "
2019-07-24,"$16,611.84 "
2019-07-25,"$16,488.20 "
2019-07-26,"$16,531.04 "
2019-07-29,"$16,492.17 "
2019-07-30,"$16,466.05 "
2019-07-31,"$16,406.56 "
2019-08-01,"$16,377.04 "
2019-08-02,"$16,271.66 "
2019-08-06,"$16,149.49 "
2019-08-07,"$16,265.22 "
2019-08-08,"$16,404.53 "
2019-08-09,"$16,341.34 "
2019-08-12,"$16,237.77 "
2019-08-13,"$16,350.84 "
2019-08-14,"$16,045.94 "
2019-08-15,"$16,012.53 "
2019-08-16,"$16,149.79 "
2019-08-19,"$16,304.05 "
2019-08-20,"$16,213.31 "
2019-08-21,"$16,309.23 "
2019-08-22,"$16,253.46 "
2019-08-23,"$16,037.58 "
2019-08-26,"$16,098.79 "
2019-08-27,"$16,183.59 "
2019-08-28,"$16,271.65 "
2019-08-29,"$16,384.49 "
2019-08-30,"$16,442.07 "
2019-09-03,"$16,399.23 "
2019-09-04,"$16,448.84 "
2019-09-05,"$16,574.81 "
2019-09-06,"$16,535.33 "
2019-09-09,"$16,495.09 "
2019-09-10,"$16,537.34 "
2019-09-11,"$16,611.14 "
2019-09-12,"$16,643.28 "
2019-09-13,"$16,682.42 "
2019-09-16,"$16,751.31 "
2019-09-17,"$16,834.75 "
2019-09-18,"$16,800.29 "
2019-09-19,"$16,858.35 "
2019-09-20,"$16,899.69 "
2019-09-23,"$16,867.20 "
2019-09-24,"$16,798.33 "
2019-09-25,"$16,784.29 "
2019-09-26,"$16,790.40 "
2019-09-27,"$16,694.27 "
2019-09-30,"$16,658.63 "
2019-10-01,"$16,447.66 "
2019-10-02,"$16,310.97 "
2019-10-03,"$16,369.03 "
2019-10-04,"$16,449.35 "
2019-10-07,"$16,421.75 "
2019-10-08,"$16,293.95 "
2019-10-09,"$16,379.87 "
2019-10-10,"$16,422.68 "
2019-10-11,"$16,415.16 "
2019-10-15,"$16,418.39 "
2019-10-16,"$16,427.18 "
2019-10-17,"$16,426.30 "
2019-10-18,"$16,377.12 "
2019-10-21,"$16,418.45 "
2019-10-22,"$16,391.52 "
2019-10-23,"$16,335.93 "
2019-10-24,"$16,369.32 "
2019-10-25,"$16,404.49 "
2019-10-28,"$16,387.53 "
2019-10-29,"$16,418.14 "
2019-10-30,"$16,501.43 "
2019-10-31,"$16,483.16 "
2019-11-01,"$16,594.07 "
2019-11-04,"$16,669.81 "
2019-11-05,"$16,681.92 "
2019-11-06,"$16,745.64 "
2019-11-07,"$16,805.75 "
2019-11-08,"$16,877.42 "
2019-11-11,"$16,882.76 "
2019-11-12,"$16,909.38 "
2019-11-13,"$16,957.99 "
2019-11-14,"$16,972.18 "
2019-11-15,"$17,028.47 "
2019-11-18,"$17,025.11 "
2019-11-19,"$17,011.40 "
2019-11-20,"$17,005.82 "
2019-11-21,"$16,999.19 "
2019-11-22,"$16,954.84 "
2019-11-25,"$17,032.86 "
2019-11-26,"$17,035.88 "
2019-11-27,"$17,100.57 "
2019-11-28,"$17,114.52 "
2019-11-29,"$17,040.20 "
2019-12-02,"$16,981.47 "
2019-12-03,"$16,892.18 "
2019-12-04,"$16,897.34 "
2019-12-05,"$16,854.92 "
2019-12-06,"$16,996.97 "
2019-12-09,"$16,950.85 "
2019-12-10,"$16,950.70 "
2019-12-11,"$16,939.61 "
2019-12-12,"$16,946.90 "
2019-12-13,"$17,003.13 "
2019-12-16,"$17,056.36 "
2019-12-17,"$17,075.20 "
2019-12-18,"$17,031.98 "
2019-12-19,"$17,064.04 "
2019-12-20,"$17,118.44 "
2019-12-23,"$17,128.71 "
2019-12-24,"$17,180.15 "
2019-12-27,"$17,168.21 "
2019-12-30,"$17,098.56 "
